{
  "logreg": {
    "n_train": 3131,
    "n_test": 783,
    "train": {
      "log_loss": 0.6106086402582207,
      "accuracy": 0.6640051101884382,
      "brier": 0.21151731725168035,
      "rmse": 0.45991011866633286,
      "r2": 0.1464560095193812,
      "roc_auc": 0.718493756298038
    },
    "test": {
      "log_loss": 0.5743517131474714,
      "accuracy": 0.7113665389527458,
      "brier": 0.19521648034965042,
      "rmse": 0.4418330910532284,
      "r2": 0.20644815264956806,
      "roc_auc": 0.7631976767315112
    }
  },
  "rf": {
    "n_train": 3131,
    "n_test": 783,
    "train": {
      "log_loss": 0.5838365898183331,
      "accuracy": 0.6847652507186203,
      "brier": 0.2008292409879721,
      "rmse": 0.44813975608951734,
      "r2": 0.18958601600405933,
      "roc_auc": 0.7490701132164944
    },
    "test": {
      "log_loss": 0.5741552941040726,
      "accuracy": 0.70242656449553,
      "brier": 0.19662712223327186,
      "rmse": 0.4434265691557869,
      "r2": 0.20071391612049683,
      "roc_auc": 0.7598858256752994
    }
  },
  "xgb": {
    "n_train": 3131,
    "n_test": 783,
    "train": {
      "log_loss": 0.5907364174770159,
      "accuracy": 0.6802938358351964,
      "brier": 0.20326338440015965,
      "rmse": 0.45084740700170345,
      "r2": 0.17976342318548422,
      "roc_auc": 0.7446870080944195
    },
    "test": {
      "log_loss": 0.5768402600577713,
      "accuracy": 0.6934865900383141,
      "brier": 0.1975956674984391,
      "rmse": 0.44451734217962646,
      "r2": 0.19677679522251024,
      "roc_auc": 0.7573464083489146
    }
  },
  "ensemble": {
    "n_train": 3131,
    "n_test": 783,
    "train": {
      "log_loss": 0.5935497063530287,
      "accuracy": 0.678377515170872,
      "brier": 0.2045265168020995,
      "rmse": 0.4522460799189966,
      "r2": 0.17466625627326282,
      "roc_auc": 0.7383663301126895
    },
    "test": {
      "log_loss": 0.5738140575059889,
      "accuracy": 0.7100893997445722,
      "brier": 0.19586802278664803,
      "rmse": 0.4425697942547006,
      "r2": 0.20379964314063415,
      "roc_auc": 0.7620904112132183
    }
  },
  "stack": {
    "n_train": 2605,
    "n_test": 783,
    "train": {
      "log_loss": 0.6145716447556373,
      "accuracy": 0.6625719769673705,
      "brier": 0.21307891786970373,
      "rmse": 0.4616047203719907,
      "r2": 0.14216250987089596,
      "roc_auc": 0.7165899574391339
    },
    "test": {
      "log_loss": 0.577647132316576,
      "accuracy": 0.7100893997445722,
      "brier": 0.19617992213268912,
      "rmse": 0.4429220271477691,
      "r2": 0.20253177732420835,
      "roc_auc": 0.7635093023564201
    }
  }
}