{
  "logreg": {
    "n_train": 453,
    "n_test": 114,
    "train": {
      "log_loss": 0.03585763753647638,
      "accuracy": 0.9933774834437086,
      "brier": 0.005662290156008746,
      "rmse": 0.07524819038361485,
      "r2": 0.9768128811337724,
      "roc_auc": 0.9998802681992337
    },
    "test": {
      "log_loss": 0.10101396713049811,
      "accuracy": 0.9912280701754386,
      "brier": 0.013768024794182657,
      "rmse": 0.11733722680455107,
      "r2": 0.9423738324556529,
      "roc_auc": 0.9777777777777777
    }
  },
  "rf": {
    "n_train": 453,
    "n_test": 114,
    "train": {
      "log_loss": 0.011073548353206316,
      "accuracy": 0.9955849889624724,
      "brier": 0.002475392216348316,
      "rmse": 0.04975331362179122,
      "r2": 0.9898632510910635,
      "roc_auc": 0.9999800446998722
    },
    "test": {
      "log_loss": 0.05738558643417578,
      "accuracy": 0.9736842105263158,
      "brier": 0.015574532475161978,
      "rmse": 0.1247979666307187,
      "r2": 0.9348126814662786,
      "roc_auc": 0.9972624798711756
    }
  },
  "xgb": {
    "n_train": 453,
    "n_test": 114,
    "train": {
      "log_loss": 0.013259623241781994,
      "accuracy": 0.9955849889624724,
      "brier": 0.003739281783299487,
      "rmse": 0.06114966707431437,
      "r2": 0.9846876142347321,
      "roc_auc": 0.9999600893997446
    },
    "test": {
      "log_loss": 0.07351400583555853,
      "accuracy": 0.9736842105263158,
      "brier": 0.019630115660523577,
      "rmse": 0.14010751464687243,
      "r2": 0.9178380086556637,
      "roc_auc": 0.9946859903381643
    }
  },
  "vegas_ensemble": {
    "n_train": 453,
    "n_test": 114,
    "train": {
      "log_loss": 0.01920398273928991,
      "accuracy": 0.9955849889624724,
      "brier": 0.003310899597873061,
      "rmse": 0.05754041708115315,
      "r2": 0.9864418423615116,
      "roc_auc": 0.9999401340996169
    },
    "test": {
      "log_loss": 0.06634394780896252,
      "accuracy": 0.9824561403508771,
      "brier": 0.014173718132375472,
      "rmse": 0.11905342553818211,
      "r2": 0.9406758000488401,
      "roc_auc": 0.9922705314009661
    }
  },
  "stack_vegas": {
    "n_train": 375,
    "n_test": 114,
    "train": {
      "log_loss": 0.05742171959450608,
      "accuracy": 0.9893333333333333,
      "brier": 0.01013091797218704,
      "rmse": 0.10065246133198652,
      "r2": 0.9585854552372441,
      "roc_auc": 0.9968895348837209
    },
    "test": {
      "log_loss": 0.0693611581057456,
      "accuracy": 0.9824561403508771,
      "brier": 0.013638844310134342,
      "rmse": 0.11678546275172412,
      "r2": 0.9429145183077275,
      "roc_auc": 0.9916264090177134
    }
  }
}